name,binBaseId,retentionTime,retentionIndex,spectrum
C08,23,8.412,456894,74:368553.0 87:186373.0 41:164138.0 43:152857.0 55:134976.0 39:59935.0 57:54372.0 45:51177.0 42:36931.0 75:23335.0 59:23168.0 101:21439.0 69:18516.0 115:18463.0 127:14289.0 283:10335.0 56:9578.0 84:9446.0 88:8939.0 97:7913.0 70:6940.0 129:6852.0 209:6711.0 98:6064.0 31:5816.0 67:5436.0 71:5392.0 54:4970.0 77:4769.0 267:4444.0 58:4129.0 194:4040.0 135:3851.0 40:3829.0 266:3632.0 116:3596.0 60:3501.0 53:3394.0 284:3079.0 83:2903.0 298:2892.0 109:2778.0 285:2610.0 195:2247.0 86:2134.0 37:2125.0 85:2095.0 51:1944.0 104:1854.0 38:1837.0 30:1821.0 33:1809.0 121:1440.0 78:1389.0 125:1384.0 111:1362.0 126:1239.0 300:1228.0 120:1185.0 196:1149.0 80:1045.0 193:1039.0 158:1037.0 205:1016.0 167:1015.0 102:1008.0 137:935.0 273:928.0 68:915.0 145:879.0 122:856.0 108:836.0 264:822.0 280:798.0 161:783.0 180:758.0 44:740.0 149:653.0 197:644.0 299:626.0 48:617.0 170:565.0 234:542.0 247:495.0 236:492.0 292:484.0 261:479.0 296:476.0 62:473.0 168:465.0 93:456.0 52:450.0 138:392.0 76:375.0 220:375.0 257:348.0 173:347.0 275:346.0 208:314.0 184:291.0 271:274.0 82:270.0 34:266.0 211:255.0 131:248.0 153:233.0 212:229.0 128:219.0 279:211.0 213:194.0 290:194.0 204:186.0 230:182.0 325:169.0 100:167.0 172:162.0 144:146.0 322:138.0 232:126.0 308:123.0 287:117.0 312:116.0 169:109.0 231:108.0 206:105.0 338:105.0 155:98.0 281:97.0 329:97.0 328:96.0 235:93.0 227:92.0 228:90.0 114:87.0 331:82.0 310:76.0 321:74.0 179:73.0 314:72.0 99:71.0 315:71.0 330:67.0 241:66.0 286:66.0 245:65.0 343:65.0 171:62.0 202:61.0 306:58.0 65:55.0 216:55.0 333:54.0 420:54.0 214:48.0 154:46.0 320:45.0 246:38.0 485:31.0 157:30.0 344:27.0 335:24.0 362:23.0 440:23.0 238:20.0 309:18.0 349:17.0 364:17.0 458:16.0 491:16.0 347:14.0 243:13.0 313:12.0 345:12.0 427:12.0 337:11.0 348:11.0 365:11.0 311:9.0 363:8.0 457:8.0 346:7.0 439:7.0 218:6.0 380:5.0 413:5.0 295:4.0 378:4.0 379:4.0 397:4.0 432:4.0 395:3.0 448:3.0 289:2.0 302:1.0 351:1.0 495:1.0
C09,24,9.697,502894,74:593182.0 87:264841.0 43:255920.0 41:236533.0 55:187845.0 59:101473.0 39:71115.0 57:53761.0 42:51769.0 75:45666.0 69:36873.0 73:32881.0 129:28940.0 101:27809.0 56:25186.0 88:21115.0 143:21083.0 141:19783.0 71:18955.0 83:16774.0 45:15517.0 53:14553.0 84:14398.0 40:12178.0 31:9812.0 67:9679.0 54:9200.0 97:8781.0 115:8365.0 70:8291.0 68:7368.0 81:7348.0 32:6156.0 98:4869.0 85:4223.0 30:3792.0 51:3782.0 44:3450.0 76:3356.0 60:3188.0 58:3182.0 38:2884.0 79:2696.0 130:2654.0 111:2318.0 383:2272.0 112:2161.0 172:2064.0 142:2060.0 144:2024.0 52:1984.0 65:1905.0 102:1886.0 267:1852.0 33:1693.0 96:1688.0 72:1508.0 37:1457.0 89:1385.0 116:1310.0 50:1302.0 61:1217.0 93:1171.0 100:1148.0 341:1143.0 99:1140.0 325:1109.0 355:1020.0 82:978.0 269:971.0 123:959.0 94:924.0 384:827.0 327:758.0 77:756.0 131:712.0 139:640.0 253:620.0 385:576.0 78:571.0 113:545.0 163:538.0 47:531.0 251:529.0 80:512.0 162:509.0 66:505.0 125:495.0 122:476.0 155:475.0 91:455.0 342:455.0 146:446.0 268:427.0 356:406.0 237:379.0 105:373.0 119:368.0 295:337.0 326:321.0 140:303.0 95:299.0 49:297.0 109:279.0 153:274.0 193:273.0 270:270.0 145:269.0 138:254.0 156:240.0 121:239.0 179:235.0 151:227.0 223:223.0 63:222.0 173:220.0 357:213.0 154:208.0 118:201.0 225:200.0 114:199.0 339:196.0 103:192.0 343:187.0 195:186.0 239:172.0 164:171.0 86:170.0 157:166.0 171:138.0 238:135.0 386:135.0 296:132.0 120:121.0 36:119.0 48:115.0 181:112.0 106:106.0 191:105.0 323:88.0 324:82.0 382:82.0 340:80.0 124:76.0 110:72.0 271:71.0 224:66.0 254:66.0 252:65.0 184:61.0 328:61.0 329:61.0 168:60.0 249:60.0 344:60.0 46:50.0 149:42.0 189:42.0 358:42.0 236:40.0 170:38.0 136:37.0 305:37.0 178:34.0 298:34.0 174:33.0 240:33.0 226:31.0 345:31.0 128:30.0 152:26.0 491:25.0 256:23.0 283:23.0 311:23.0 387:23.0 255:20.0 297:18.0 197:16.0 227:16.0 313:16.0 335:16.0 400:16.0 64:15.0 190:15.0 419:15.0 307:13.0 182:12.0 147:11.0 158:11.0 388:11.0 497:11.0 286:8.0 299:8.0 187:7.0 203:7.0 401:7.0 417:7.0 469:7.0 132:6.0 196:6.0 261:6.0 312:6.0 317:6.0 331:6.0 446:6.0 200:5.0 352:5.0 361:5.0 447:5.0 183:4.0 208:4.0 248:4.0 221:3.0 284:3.0 390:3.0 433:3.0 306:2.0 321:2.0 369:2.0 376:2.0 476:2.0 199:1.0 228:1.0 241:1.0 301:1.0 337:1.0 338:1.0 368:1.0 394:1.0 414:1.0 439:1.0 459:1.0 471:1.0
C10,25,11.018,546174,74:1408493.0 87:632497.0 43:519184.0 41:499615.0 55:414649.0 59:279653.0 39:249533.0 42:133986.0 75:130645.0 57:124904.0 143:105604.0 69:102825.0 101:72648.0 56:60123.0 88:54940.0 83:52675.0 71:41526.0 53:40209.0 155:37584.0 84:37234.0 115:36476.0 129:36316.0 45:33589.0 142:32472.0 141:32127.0 67:30972.0 97:28740.0 40:26986.0 85:25197.0 54:24655.0 73:24551.0 70:24154.0 31:21765.0 98:20686.0 81:20453.0 68:20328.0 157:17496.0 51:11817.0 44:11108.0 95:10906.0 76:10499.0 144:9243.0 65:8929.0 30:8866.0 79:8676.0 82:8632.0 58:8332.0 89:8183.0 63:7848.0 38:7592.0 50:7460.0 60:6945.0 186:6456.0 102:5864.0 116:5581.0 112:5494.0 111:5461.0 61:5343.0 52:5149.0 77:5090.0 72:4546.0 139:4423.0 37:4421.0 156:4105.0 86:3921.0 33:3840.0 62:3674.0 99:3610.0 130:3609.0 113:3461.0 110:3216.0 100:3066.0 93:2976.0 66:2713.0 96:2203.0 125:2123.0 158:1859.0 80:1737.0 126:1607.0 46:1472.0 135:1449.0 64:1203.0 127:1122.0 107:1014.0 137:1006.0 153:975.0 140:928.0 114:812.0 49:741.0 187:707.0 94:617.0 78:542.0 90:527.0 48:507.0 154:494.0 136:491.0 152:487.0 121:456.0 47:450.0 123:392.0 145:367.0 92:362.0 103:344.0 36:341.0 91:325.0 138:298.0 163:267.0 108:260.0 124:191.0 171:168.0 169:130.0 161:125.0 185:113.0 122:102.0 401:94.0 132:74.0 148:72.0 188:59.0 209:50.0 182:43.0 249:40.0 174:36.0 109:35.0 402:25.0 172:24.0 342:23.0 250:20.0 327:17.0 120:16.0 329:14.0 403:13.0 175:11.0 192:11.0 234:11.0 427:10.0 474:10.0 257:9.0 263:9.0 295:8.0 214:7.0 390:7.0 500:7.0 195:6.0 321:6.0 251:5.0 297:5.0 348:5.0 468:5.0 497:5.0 184:4.0 203:4.0 212:4.0 283:4.0 167:3.0 219:3.0 266:3.0 314:3.0 398:3.0 455:3.0 495:3.0 170:2.0 191:2.0 231:2.0 233:2.0 270:2.0 315:2.0 380:2.0 246:1.0 496:1.0
C12,33,13.567,625133,74:735355.0 87:400304.0 43:372978.0 55:332012.0 41:226390.0 32:154409.0 59:123614.0 75:101452.0 57:78498.0 69:76017.0 39:71993.0 42:56373.0 143:46121.0 83:41370.0 101:38143.0 56:37889.0 88:36721.0 129:31744.0 67:29344.0 171:28838.0 97:27325.0 115:26223.0 84:23905.0 45:22239.0 73:20297.0 71:19570.0 53:19531.0 54:17957.0 40:17842.0 98:15291.0 70:14013.0 183:13522.0 95:12848.0 31:12779.0 157:12525.0 185:9806.0 81:9457.0 109:9230.0 68:8669.0 214:8505.0 93:8088.0 82:8001.0 58:7808.0 111:7694.0 85:7452.0 77:7358.0 38:6752.0 60:6192.0 96:6098.0 105:5686.0 76:5431.0 144:5375.0 130:5055.0 79:5032.0 66:4954.0 44:4493.0 89:4339.0 112:4174.0 102:3773.0 37:3718.0 123:3514.0 61:3377.0 163:3330.0 172:3321.0 128:3274.0 94:3233.0 141:3122.0 30:3007.0 65:2874.0 125:2865.0 113:2830.0 99:2779.0 168:2760.0 33:2697.0 148:2215.0 184:2122.0 50:2068.0 107:2032.0 104:2007.0 133:1987.0 131:1949.0 72:1870.0 100:1808.0 116:1796.0 147:1731.0 119:1695.0 140:1688.0 52:1598.0 121:1519.0 158:1453.0 154:1402.0 207:1356.0 139:1300.0 186:1295.0 80:1221.0 179:1152.0 137:1105.0 110:1025.0 108:884.0 155:871.0 103:849.0 170:847.0 78:846.0 164:817.0 127:745.0 177:740.0 159:731.0 117:721.0 215:715.0 162:684.0 188:674.0 145:644.0 134:622.0 253:562.0 48:552.0 64:522.0 267:510.0 225:494.0 90:483.0 192:457.0 165:455.0 173:448.0 156:356.0 189:343.0 221:340.0 475:334.0 49:331.0 403:322.0 160:307.0 210:288.0 223:277.0 237:268.0 330:266.0 477:266.0 175:256.0 385:255.0 298:247.0 187:238.0 399:230.0 328:226.0 124:220.0 429:220.0 296:219.0 142:214.0 445:203.0 174:192.0 205:191.0 199:189.0 176:186.0 474:181.0 268:166.0 460:150.0 343:149.0 181:147.0 114:142.0 216:142.0 388:142.0 461:136.0 404:134.0 219:126.0 402:126.0 478:118.0 202:117.0 195:110.0 333:103.0 34:102.0 386:88.0 459:88.0 311:85.0 226:75.0 341:64.0 331:63.0 401:62.0 92:60.0 420:55.0 153:54.0 479:53.0 322:51.0 190:49.0 489:45.0 238:44.0 132:42.0 495:38.0 46:37.0 284:34.0 492:33.0 449:29.0 405:28.0 257:25.0 383:25.0 324:24.0 224:23.0 270:22.0 419:22.0 251:21.0 264:20.0 345:19.0 458:19.0 491:18.0 295:16.0 340:14.0 338:11.0 397:11.0 313:6.0 315:6.0 437:5.0 470:5.0 228:4.0 294:3.0 396:3.0 258:2.0 357:2.0 381:2.0 435:2.0 453:2.0 488:2.0 212:1.0 241:1.0 260:1.0 280:1.0 312:1.0 353:1.0 354:1.0
C14,27,15.902,696094,74:629305.0 87:375002.0 43:289425.0 41:288849.0 55:221058.0 59:87070.0 75:86847.0 57:63165.0 69:62906.0 143:51969.0 39:51436.0 42:48250.0 83:32689.0 101:32049.0 88:28703.0 56:26945.0 97:22037.0 199:20453.0 129:19726.0 67:17664.0 53:16564.0 71:16063.0 84:15649.0 54:12222.0 157:12188.0 73:12038.0 45:11635.0 70:10856.0 81:10517.0 98:9965.0 115:8860.0 40:8853.0 185:8337.0 111:7778.0 85:7488.0 31:7368.0 95:7149.0 211:7092.0 79:6947.0 242:6532.0 68:5968.0 107:5736.0 144:5595.0 105:4977.0 76:4832.0 58:4561.0 171:4385.0 130:4288.0 44:4138.0 77:4137.0 213:3981.0 121:3751.0 30:3749.0 93:3732.0 109:3432.0 91:3414.0 65:3225.0 102:3117.0 116:3035.0 82:3020.0 200:2942.0 60:2830.0 99:2813.0 135:2728.0 149:2627.0 51:2598.0 125:2535.0 112:2310.0 38:2098.0 89:2072.0 96:2063.0 72:1643.0 33:1466.0 61:1450.0 52:1354.0 123:1354.0 100:1348.0 186:1302.0 158:1218.0 110:1197.0 119:1172.0 37:1144.0 113:1095.0 80:1087.0 243:1012.0 78:984.0 66:980.0 212:979.0 139:926.0 50:799.0 172:714.0 94:693.0 108:688.0 137:678.0 214:627.0 86:608.0 103:599.0 106:581.0 124:567.0 63:553.0 131:518.0 191:504.0 145:492.0 168:488.0 126:476.0 133:456.0 114:450.0 138:410.0 136:409.0 153:389.0 117:383.0 150:360.0 166:357.0 163:355.0 92:284.0 127:275.0 90:260.0 46:251.0 161:242.0 140:228.0 201:225.0 167:224.0 155:220.0 122:218.0 134:217.0 209:208.0 118:164.0 181:149.0 169:138.0 159:126.0 220:120.0 120:118.0 151:109.0 146:107.0 215:106.0 47:98.0 141:97.0 148:97.0 178:91.0 36:90.0 244:90.0 177:89.0 192:88.0 203:81.0 132:78.0 187:77.0 62:74.0 227:70.0 204:69.0 154:62.0 232:59.0 156:57.0 162:52.0 48:46.0 152:45.0 208:43.0 245:43.0 164:41.0 210:39.0 202:32.0 49:31.0 284:30.0 217:26.0 142:25.0 189:25.0 170:21.0 174:20.0 317:20.0 205:19.0 216:18.0 230:18.0 160:16.0 491:15.0 173:12.0 104:11.0 221:11.0 236:11.0 194:10.0 346:10.0 408:10.0 182:9.0 184:8.0 459:8.0 193:7.0 228:7.0 413:7.0 429:7.0 255:6.0 315:6.0 318:6.0 361:5.0 472:5.0 492:4.0 128:3.0 231:3.0 418:3.0 226:2.0 483:2.0 285:1.0 297:1.0 386:1.0 392:1.0
C16,28,18.033,760054,74:767713.0 87:451886.0 43:384829.0 41:360077.0 55:289580.0 75:127133.0 57:119780.0 59:99276.0 69:93536.0 42:61252.0 39:60212.0 143:58078.0 83:55144.0 56:41977.0 101:39033.0 67:36827.0 97:36713.0 88:34835.0 71:34724.0 129:29324.0 81:25010.0 53:21389.0 84:20437.0 82:18538.0 54:18526.0 68:17754.0 70:17729.0 227:16794.0 73:16732.0 171:16631.0 45:16571.0 85:15397.0 115:15391.0 95:15167.0 98:14827.0 185:14579.0 44:13665.0 111:11873.0 199:11628.0 96:11458.0 40:10351.0 79:10140.0 157:9907.0 270:9890.0 58:8264.0 31:7765.0 109:6924.0 76:6402.0 130:6164.0 144:6131.0 239:5969.0 93:5675.0 65:5298.0 213:5248.0 102:4792.0 116:4741.0 125:4613.0 241:4440.0 99:4080.0 30:4062.0 66:3806.0 110:3756.0 77:3676.0 60:3604.0 72:3541.0 107:3454.0 51:3374.0 112:3363.0 123:3121.0 38:3078.0 121:3076.0 172:2925.0 228:2872.0 89:2742.0 80:2512.0 135:2213.0 124:2164.0 158:2129.0 186:2091.0 91:2082.0 271:2032.0 113:2031.0 100:1895.0 37:1880.0 200:1775.0 139:1701.0 61:1618.0 94:1557.0 50:1469.0 137:1456.0 52:1419.0 33:1370.0 138:1067.0 149:1062.0 86:1053.0 240:1046.0 153:962.0 214:939.0 242:886.0 126:823.0 205:770.0 78:764.0 108:690.0 127:671.0 122:631.0 117:624.0 145:624.0 119:573.0 114:543.0 131:534.0 163:531.0 103:526.0 151:495.0 152:464.0 189:434.0 140:430.0 175:418.0 167:413.0 196:386.0 154:360.0 229:352.0 217:347.0 220:345.0 191:336.0 147:326.0 63:314.0 159:312.0 36:295.0 272:295.0 136:262.0 194:258.0 173:256.0 221:255.0 168:250.0 201:234.0 46:228.0 49:227.0 166:226.0 187:225.0 150:220.0 161:207.0 165:204.0 237:189.0 181:185.0 195:182.0 180:163.0 203:163.0 219:163.0 92:160.0 209:155.0 141:150.0 232:146.0 206:145.0 120:144.0 64:142.0 176:135.0 164:134.0 190:128.0 177:127.0 204:120.0 155:119.0 215:116.0 118:115.0 238:115.0 243:113.0 210:108.0 132:106.0 148:104.0 211:102.0 225:99.0 182:95.0 222:91.0 146:90.0 174:82.0 218:76.0 231:76.0 233:71.0 62:70.0 90:69.0 128:69.0 133:69.0 178:68.0 226:68.0 160:67.0 244:67.0 193:65.0 255:58.0 269:58.0 104:56.0 197:54.0 169:51.0 224:47.0 216:43.0 261:41.0 183:39.0 156:33.0 247:31.0 230:29.0 47:27.0 281:27.0 246:24.0 355:24.0 245:20.0 273:20.0 276:20.0 256:18.0 207:16.0 170:15.0 262:12.0 318:11.0 184:10.0 48:9.0 421:9.0 179:8.0 433:8.0 341:7.0 459:6.0 260:4.0 283:4.0 342:4.0 248:3.0 265:3.0 327:3.0 356:3.0 415:3.0 249:1.0 264:1.0 284:1.0 296:1.0 312:1.0 325:1.0 328:1.0 343:1.0 346:1.0 357:1.0 401:1.0 429:1.0 430:1.0 431:1.0 437:1.0 461:1.0 491:1.0
C18,29,19.950,818214,74:724740.0 87:438138.0 43:380079.0 41:323083.0 55:268553.0 75:140697.0 57:116602.0 69:89620.0 59:87175.0 143:65605.0 42:53396.0 83:52203.0 39:45157.0 101:41147.0 56:36276.0 97:36029.0 71:35691.0 88:33573.0 67:28313.0 129:25087.0 199:21201.0 84:18494.0 81:18058.0 53:17642.0 73:15906.0 54:15190.0 85:15134.0 70:14844.0 255:14159.0 98:14076.0 45:13619.0 157:12435.0 95:12177.0 111:11916.0 115:11093.0 185:10782.0 298:10694.0 68:10106.0 58:8444.0 40:8410.0 79:8164.0 144:7750.0 213:7691.0 82:7626.0 130:7246.0 76:7220.0 31:6838.0 171:5905.0 109:5870.0 93:5555.0 116:4614.0 241:4593.0 96:4495.0 125:4457.0 267:4322.0 99:4226.0 44:4022.0 102:3983.0 121:3526.0 107:3442.0 65:3349.0 200:3330.0 30:3132.0 112:3071.0 72:3021.0 256:2949.0 60:2908.0 77:2858.0 123:2857.0 269:2721.0 227:2720.0 299:2704.0 113:2591.0 89:2542.0 186:2451.0 135:2385.0 38:2323.0 110:2269.0 139:2267.0 51:2134.0 37:2054.0 61:1937.0 80:1870.0 100:1852.0 158:1839.0 149:1643.0 50:1621.0 172:1577.0 66:1531.0 94:1307.0 214:1194.0 91:1173.0 124:1172.0 153:1166.0 86:1142.0 33:1108.0 137:1097.0 268:1028.0 242:995.0 163:851.0 126:838.0 167:803.0 52:792.0 270:754.0 131:748.0 127:686.0 114:673.0 138:654.0 108:610.0 145:609.0 122:586.0 228:561.0 151:552.0 78:509.0 92:494.0 147:478.0 141:474.0 103:420.0 257:417.0 223:406.0 117:403.0 300:397.0 105:388.0 63:382.0 205:381.0 201:380.0 140:373.0 177:356.0 191:343.0 181:341.0 36:339.0 195:335.0 150:328.0 222:324.0 136:310.0 49:309.0 207:304.0 187:252.0 154:233.0 265:230.0 224:228.0 166:219.0 281:217.0 173:213.0 182:210.0 168:208.0 220:204.0 152:203.0 249:194.0 165:189.0 221:183.0 283:183.0 118:182.0 237:179.0 159:170.0 193:169.0 215:169.0 285:168.0 180:161.0 243:160.0 155:158.0 247:152.0 184:144.0 128:143.0 62:140.0 148:136.0 48:134.0 46:133.0 219:132.0 209:128.0 251:124.0 286:122.0 297:121.0 204:120.0 271:118.0 156:115.0 169:115.0 132:111.0 266:104.0 208:99.0 229:99.0 90:97.0 162:97.0 196:96.0 120:94.0 248:90.0 287:88.0 178:87.0 206:87.0 210:86.0 355:83.0 252:82.0 183:80.0 225:80.0 284:76.0 282:72.0 264:71.0 250:68.0 341:66.0 160:65.0 188:65.0 194:63.0 189:62.0 164:61.0 133:60.0 261:59.0 274:59.0 240:58.0 253:57.0 226:56.0 325:56.0 64:55.0 263:53.0 190:51.0 197:51.0 357:51.0 254:50.0 192:49.0 203:49.0 211:48.0 161:46.0 342:43.0 258:42.0 262:40.0 272:40.0 230:38.0 233:38.0 301:38.0 104:35.0 231:35.0 259:34.0 244:33.0 246:33.0 234:31.0 488:31.0 106:30.0 142:30.0 232:29.0 290:29.0 456:29.0 468:29.0 202:28.0 216:28.0 260:28.0 174:27.0 245:27.0 275:27.0 293:27.0 421:27.0 433:27.0 134:24.0 279:24.0 273:23.0 288:23.0 385:23.0 491:23.0 333:22.0 358:22.0 396:21.0 238:20.0 383:20.0 416:20.0 407:19.0 430:19.0 434:18.0 235:17.0 420:17.0 236:16.0 419:16.0 486:16.0 489:16.0 328:15.0 212:14.0 343:14.0 445:14.0 459:14.0 461:14.0 119:13.0 179:13.0 352:13.0 278:12.0 316:12.0 417:12.0 437:12.0 472:12.0 146:11.0 319:11.0 371:11.0 289:10.0 306:10.0 318:10.0 334:10.0 356:10.0 374:10.0 378:10.0 422:10.0 466:10.0 484:10.0 368:9.0 400:9.0 413:9.0 170:8.0 276:8.0 303:8.0 351:8.0 487:8.0 35:7.0 304:7.0 305:7.0 329:7.0 347:7.0 480:7.0 499:7.0 307:6.0 323:6.0 346:6.0 380:6.0 450:6.0 322:5.0 348:5.0 384:5.0 415:5.0 439:5.0 463:5.0 339:4.0 349:4.0 365:4.0 372:4.0 440:4.0 444:4.0 458:4.0 482:4.0 218:3.0 362:3.0 363:3.0 375:3.0 474:3.0 492:3.0 495:3.0 217:2.0 320:2.0 496:2.0 497:2.0 335:1.0 338:1.0 373:1.0 428:1.0 477:1.0
C20,30,21.733,871494,74:481405.0 87:305794.0 43:287155.0 41:227621.0 55:178020.0 75:104856.0 57:89414.0 69:64360.0 59:52201.0 143:43826.0 83:36365.0 42:34165.0 71:27025.0 97:26930.0 39:26726.0 101:26387.0 56:24863.0 88:22029.0 67:19582.0 129:19096.0 81:14385.0 84:11783.0 73:11387.0 53:10728.0 70:10001.0 54:9959.0 98:9579.0 95:9117.0 199:9094.0 111:8999.0 115:8789.0 185:8519.0 45:8196.0 326:7739.0 283:7321.0 171:7058.0 227:6564.0 68:6516.0 157:6397.0 85:6027.0 58:5991.0 79:5431.0 130:5298.0 76:5021.0 144:4889.0 40:4850.0 241:4398.0 93:4267.0 82:4240.0 31:4083.0 125:3931.0 109:3885.0 116:3701.0 121:3167.0 96:3150.0 213:3148.0 102:3047.0 99:2945.0 107:2845.0 327:2547.0 255:2434.0 44:2416.0 135:2267.0 60:2265.0 123:2089.0 30:2060.0 112:2015.0 72:2008.0 65:1900.0 295:1738.0 186:1676.0 284:1663.0 38:1637.0 139:1611.0 172:1567.0 89:1556.0 269:1536.0 113:1477.0 297:1461.0 200:1433.0 51:1425.0 61:1344.0 149:1342.0 158:1322.0 228:1225.0 80:1172.0 77:1146.0 100:1025.0 110:1000.0 214:950.0 66:937.0 137:925.0 94:859.0 242:793.0 91:726.0 153:717.0 50:682.0 37:677.0 86:673.0 163:670.0 124:640.0 52:552.0 167:513.0 296:503.0 256:502.0 126:496.0 33:493.0 138:465.0 298:455.0 108:454.0 117:443.0 177:434.0 270:427.0 147:389.0 145:381.0 136:374.0 63:365.0 127:363.0 78:347.0 328:344.0 103:339.0 151:324.0 181:317.0 122:313.0 285:313.0 131:249.0 120:247.0 46:239.0 114:231.0 191:226.0 140:216.0 325:212.0 152:211.0 150:207.0 92:204.0 195:204.0 187:199.0 282:161.0 201:146.0 141:145.0 237:145.0 209:142.0 229:135.0 208:134.0 90:115.0 49:110.0 159:106.0 205:106.0 223:103.0 219:100.0 193:97.0 275:92.0 355:89.0 194:88.0 173:87.0 169:86.0 293:86.0 207:84.0 252:84.0 168:80.0 233:79.0 257:77.0 179:75.0 243:75.0 265:73.0 155:70.0 128:65.0 164:65.0 278:64.0 196:63.0 62:59.0 267:57.0 277:57.0 239:52.0 215:51.0 429:49.0 180:48.0 235:47.0 133:46.0 142:46.0 287:46.0 294:44.0 299:43.0 224:42.0 48:41.0 165:40.0 154:39.0 132:37.0 146:36.0 176:36.0 251:36.0 218:33.0 206:31.0 271:31.0 276:28.0 247:27.0 160:26.0 231:26.0 202:24.0 245:24.0 244:21.0 288:21.0 315:21.0 290:20.0 301:20.0 342:19.0 250:18.0 261:18.0 286:18.0 336:17.0 64:16.0 260:16.0 273:16.0 175:15.0 182:15.0 234:15.0 331:15.0 432:15.0 479:14.0 166:13.0 253:13.0 335:13.0 184:12.0 230:12.0 303:12.0 465:12.0 183:11.0 197:11.0 217:10.0 232:10.0 225:9.0 238:7.0 222:6.0 291:6.0 305:6.0 435:6.0 211:5.0 306:5.0 397:5.0 410:5.0 272:4.0 263:3.0 300:3.0 324:3.0 279:2.0 356:2.0 350:1.0 359:1.0 369:1.0 399:1.0 461:1.0
C22,31,23.370,922654,74:407899.0 43:267844.0 87:264629.0 41:158236.0 55:141815.0 75:98956.0 57:92337.0 69:61240.0 59:40582.0 143:40070.0 83:34969.0 71:30058.0 42:28015.0 97:25086.0 101:24174.0 56:23501.0 39:22170.0 88:19187.0 67:18047.0 129:15554.0 81:13692.0 85:12852.0 84:11474.0 70:10484.0 199:10431.0 98:9387.0 95:9344.0 111:9012.0 73:8990.0 54:8932.0 53:8004.0 354:6858.0 115:6767.0 45:6710.0 68:6399.0 58:6091.0 157:5966.0 185:5946.0 255:5705.0 311:5128.0 79:5054.0 130:4944.0 144:4797.0 76:4511.0 82:4494.0 109:4249.0 125:4213.0 40:4064.0 93:3607.0 44:3597.0 31:3567.0 96:3454.0 213:3429.0 171:3207.0 121:3073.0 116:3066.0 99:2939.0 107:2814.0 355:2627.0 102:2477.0 241:2377.0 269:2362.0 112:2304.0 135:2262.0 72:2049.0 139:1972.0 60:1869.0 113:1868.0 227:1667.0 200:1650.0 89:1647.0 30:1621.0 186:1601.0 312:1599.0 65:1524.0 110:1469.0 149:1366.0 297:1329.0 80:1260.0 256:1193.0 38:1147.0 37:1130.0 77:1107.0 323:1075.0 123:965.0 137:964.0 158:949.0 153:942.0 66:929.0 100:914.0 325:901.0 61:895.0 172:888.0 94:876.0 86:840.0 242:709.0 51:688.0 356:684.0 127:682.0 214:655.0 283:647.0 163:638.0 124:636.0 131:586.0 33:578.0 91:572.0 151:564.0 50:549.0 126:548.0 270:538.0 167:525.0 52:515.0 108:496.0 138:473.0 145:426.0 140:408.0 324:392.0 228:390.0 103:382.0 177:364.0 298:355.0 78:352.0 181:320.0 136:312.0 313:308.0 117:303.0 122:300.0 147:294.0 114:293.0 284:286.0 209:283.0 141:273.0 326:266.0 92:259.0 152:255.0 353:255.0 191:242.0 187:230.0 195:196.0 257:192.0 133:189.0 150:188.0 194:180.0 165:178.0 155:170.0 119:167.0 201:167.0 221:166.0 223:164.0 243:161.0 205:147.0 192:138.0 169:127.0 219:126.0 180:116.0 134:112.0 166:111.0 106:107.0 305:103.0 182:101.0 178:96.0 120:91.0 310:91.0 303:88.0 63:83.0 197:82.0 279:82.0 179:80.0 237:79.0 287:79.0 161:78.0 234:78.0 251:78.0 215:77.0 210:76.0 142:75.0 280:74.0 249:71.0 229:70.0 154:67.0 159:67.0 118:65.0 164:63.0 183:61.0 299:61.0 306:60.0 271:59.0 173:58.0 261:53.0 49:52.0 321:52.0 238:48.0 266:48.0 322:48.0 239:47.0 260:47.0 289:47.0 156:46.0 327:45.0 290:44.0 220:43.0 316:43.0 275:42.0 128:40.0 132:40.0 285:40.0 319:39.0 162:38.0 188:37.0 224:34.0 189:33.0 293:33.0 302:33.0 330:33.0 341:33.0 170:32.0 276:32.0 36:31.0 148:30.0 222:30.0 168:28.0 263:28.0 295:28.0 235:27.0 291:26.0 332:26.0 317:24.0 90:22.0 278:22.0 320:22.0 48:21.0 288:21.0 309:21.0 429:21.0 258:20.0 314:20.0 253:19.0 267:19.0 307:19.0 315:19.0 495:19.0 184:18.0 361:18.0 397:17.0 402:17.0 254:15.0 202:14.0 233:14.0 334:14.0 264:13.0 346:13.0 358:13.0 248:12.0 190:11.0 342:11.0 345:11.0 366:11.0 376:11.0 300:10.0 308:10.0 347:10.0 399:10.0 424:10.0 331:9.0 333:9.0 262:8.0 447:8.0 32:7.0 176:7.0 230:7.0 296:7.0 318:7.0 335:7.0 198:6.0 349:6.0 364:6.0 432:6.0 454:5.0 294:4.0 377:4.0 428:4.0 247:3.0 259:3.0 304:3.0 369:3.0 204:2.0 268:2.0 370:2.0 450:2.0 211:1.0 246:1.0 412:1.0
C24,32,24.885,980934,74:123235.0 43:78588.0 87:77776.0 55:51322.0 41:48183.0 57:43122.0 75:38364.0 69:24016.0 71:15540.0 143:15307.0 83:14057.0 59:13613.0 97:11156.0 42:9882.0 56:9772.0 101:8741.0 39:7657.0 85:7140.0 67:6962.0 88:6526.0 129:5995.0 81:5285.0 70:4504.0 84:4276.0 111:3756.0 95:3721.0 98:3701.0 73:3621.0 54:3537.0 199:3142.0 53:2894.0 115:2568.0 185:2546.0 382:2544.0 58:2504.0 157:2217.0 68:2120.0 82:2105.0 99:2057.0 125:1936.0 109:1826.0 76:1804.0 130:1796.0 171:1649.0 79:1569.0 44:1564.0 144:1551.0 45:1536.0 96:1493.0 339:1486.0 283:1369.0 116:1312.0 107:1262.0 93:1247.0 383:1211.0 121:1194.0 241:1148.0 113:1110.0 102:1044.0 227:1036.0 139:1008.0 149:973.0 123:966.0 135:943.0 110:917.0 31:908.0 255:885.0 213:835.0 112:820.0 72:813.0 60:786.0 297:693.0 127:653.0 38:590.0 77:585.0 86:570.0 340:570.0 186:556.0 153:547.0 200:500.0 137:487.0 172:484.0 65:435.0 269:429.0 163:426.0 100:425.0 284:365.0 124:364.0 89:361.0 80:354.0 30:344.0 242:334.0 167:331.0 126:324.0 158:322.0 61:314.0 311:314.0 94:313.0 325:309.0 221:296.0 141:294.0 228:287.0 191:266.0 51:257.0 208:254.0 256:245.0 151:239.0 353:227.0 214:223.0 122:218.0 351:211.0 384:210.0 103:209.0 108:200.0 114:196.0 138:193.0 270:182.0 165:179.0 33:178.0 177:170.0 257:169.0 181:164.0 136:162.0 281:162.0 154:161.0 166:148.0 354:143.0 140:140.0 168:140.0 282:139.0 195:138.0 169:136.0 66:134.0 381:133.0 37:129.0 105:129.0 150:129.0 222:121.0 145:120.0 155:119.0 209:119.0 295:116.0 223:115.0 117:113.0 298:109.0 352:109.0 285:108.0 193:100.0 327:97.0 131:96.0 180:95.0 192:92.0 161:88.0 201:86.0 326:86.0 159:79.0 356:78.0 196:74.0 253:73.0 312:73.0 237:70.0 118:69.0 265:69.0 160:67.0 152:66.0 176:61.0 190:58.0 286:58.0 194:57.0 342:53.0 128:52.0 134:51.0 119:50.0 251:50.0 205:48.0 338:48.0 357:46.0 219:45.0 239:44.0 175:43.0 350:41.0 238:40.0 250:40.0 293:39.0 173:38.0 224:38.0 187:37.0 225:37.0 243:36.0 279:35.0 430:33.0 220:32.0 182:31.0 247:31.0 333:30.0 156:29.0 179:28.0 461:25.0 212:24.0 369:24.0 40:23.0 341:23.0 229:22.0 274:22.0 306:22.0 334:22.0 349:22.0 211:21.0 402:21.0 215:20.0 233:20.0 314:20.0 328:20.0 348:19.0 120:18.0 206:18.0 425:18.0 207:17.0 291:17.0 50:16.0 321:16.0 331:16.0 218:15.0 267:15.0 379:15.0 203:14.0 245:14.0 276:14.0 290:14.0 418:14.0 453:14.0 34:13.0 299:13.0 304:12.0 317:12.0 343:12.0 361:11.0 376:11.0 459:11.0 482:11.0 271:10.0 451:10.0 259:9.0 264:9.0 365:9.0 414:9.0 170:8.0 183:8.0 332:8.0 372:8.0 421:8.0 252:7.0 263:7.0 288:7.0 315:7.0 385:7.0 484:7.0 146:6.0 226:6.0 362:6.0 438:6.0 202:5.0 355:5.0 486:5.0 198:4.0 275:4.0 380:4.0 410:4.0 479:4.0 254:3.0 174:2.0 234:2.0 346:2.0 393:2.0 422:2.0 436:2.0 444:2.0 471:2.0 474:2.0 483:2.0 487:2.0 490:2.0 142:1.0 162:1.0 230:1.0 296:1.0 397:1.0 399:1.0 440:1.0 443:1.0 445:1.0 448:1.0 460:1.0